url,author_id,created_at,video_id
https://youtu.be/I-3D3pFNet8,852201867031523329,2017-04-24 11:59:59+00:00,I-3D3pFNet8
https://www.youtube.com/watch?v=5Vo0rkjLjmI&feature=youtu.be,92983128,2022-09-25 22:18:58+00:00,5Vo0rkjLjmI
https://www.youtube.com/watch?v=56EQ-0b5DSA&feature=youtu.be,1016734316930486272,2020-11-25 14:50:44+00:00,56EQ-0b5DSA
https://www.youtube.com/watch?v=i3aX3JUpxUA&feature=youtu.be,445724058,2022-03-12 12:48:09+00:00,i3aX3JUpxUA
https://www.youtube.com/watch?v=BLx0qPxNrvs&feature=youtu.be,2901222566,2015-12-04 16:36:26+00:00,BLx0qPxNrvs
https://www.youtube.com/watch?v=e2tb5iFdgN0&feature=youtu.be,1233688172342714368,2021-11-13 21:03:40+00:00,e2tb5iFdgN0
https://youtu.be/6c6kxs2Pp1g,918281159292997633,2018-02-04 04:52:47+00:00,6c6kxs2Pp1g
https://www.youtube.com/watch?v=l31UQ2h0EG0&feature=youtu.be,573442136,2022-09-11 18:13:46+00:00,l31UQ2h0EG0
http://youtu.be/0pVfJfOrHjg?a,20606415,2018-05-12 23:20:34+00:00,0pVfJfOrHjg
https://youtu.be/VVx-kUTukyA,2365607005,2016-02-06 02:09:07+00:00,VVx-kUTukyA
http://youtu.be/XNXcR4_tyxg?a,979822090932146177,2018-04-23 16:00:09+00:00,XNXcR4_tyxg
http://youtu.be/2vkO7r6aNSY?a,2249681030,2017-01-04 17:55:44+00:00,2vkO7r6aNSY
http://youtu.be/-iiAtLFkVps,789036990,2013-08-23 16:35:07+00:00,-iiAtLFkVps
https://www.youtube.com/watch?v=1wqvHJt0g9A&feature=youtu.be,1390835096018722816,2022-10-13 18:42:30+00:00,1wqvHJt0g9A
http://youtu.be/6fdgY9-9KZc?a,94927972,2013-07-24 20:19:07+00:00,6fdgY9-9KZc
https://www.youtube.com/shorts/505uQahvKvg?feature=share,1227579487,2022-09-24 20:54:26+00:00,505uQahvKvg
https://youtu.be/ak-Jm_DczXg,244226147,2021-02-14 02:30:52+00:00,ak-Jm_DczXg
http://youtu.be/UvSS0Vn1Aog?a,160953269,2016-06-22 16:28:24+00:00,UvSS0Vn1Aog
https://youtu.be/oZCCXZz5Esw,1153293782894415872,2019-10-20 07:08:53+00:00,oZCCXZz5Esw
https://youtu.be/U_5k6AJoNDs,125671954,2018-12-17 06:30:53+00:00,U_5k6AJoNDs
https://www.youtube.com/watch?v=jdFwnUXzCkE,129446650,2016-08-04 14:19:54+00:00,jdFwnUXzCkE
https://www.youtube.com/watch?v=9UEI1AzQzSM&feature=youtu.be,1460811224589893637,2022-08-07 16:38:34+00:00,9UEI1AzQzSM
https://www.youtube.com/watch?v=8F3rK6dmHjs&feature=youtube_gdata_player,629968433,2013-11-25 16:15:51+00:00,8F3rK6dmHjs
https://www.youtube.com/watch?v=3_tnUI4QduM&feature=youtu.be,27858852,2021-11-01 12:50:21+00:00,3_tnUI4QduM
https://www.youtube.com/watch?v=8T4whWkPdg8&feature=youtu.be,471161723,2019-07-12 13:08:06+00:00,8T4whWkPdg8
https://www.youtube.com/watch?v=58SFQpAk_FM&feature=youtu.be,3319112387,2021-10-11 09:40:26+00:00,58SFQpAk_FM
https://www.youtube.com/watch?v=QgemABuo4Rc&feature=youtu.be,1312092356863197184,2022-08-27 02:40:45+00:00,QgemABuo4Rc
https://www.youtube.com/watch?v=YDWNKJUKr5E&feature=youtu.be,219262166,2022-04-27 20:17:25+00:00,YDWNKJUKr5E
https://www.youtube.com/watch?v=56MhOQPG4JI&feature=youtu.be,876024746957254656,2022-10-23 10:33:16+00:00,56MhOQPG4JI
https://www.youtube.com/watch?v=WOqpa1Msx7o&feature=youtu.be,2741228656,2022-10-06 08:33:10+00:00,WOqpa1Msx7o
https://www.youtube.com/watch?v=bDwHpMbdho0&feature=youtu.be,244288692,2021-11-18 21:35:56+00:00,bDwHpMbdho0
https://www.youtube.com/watch?v=nguWd8NOT7Y,319782293,2021-11-28 21:29:42+00:00,nguWd8NOT7Y
https://www.youtube.com/watch?v=LV97q8SDZUk&feature=youtu.be,1000206028774916097,2022-10-17 20:44:35+00:00,LV97q8SDZUk
https://www.youtube.com/watch?v=xFDVW_JsX94&feature=youtu.be,2599640479,2022-04-07 16:35:01+00:00,xFDVW_JsX94
https://www.youtube.com/watch?v=rPbc-qV8S9U,477344024,2022-10-20 12:26:05+00:00,rPbc-qV8S9U
https://www.youtube.com/shorts/fVBsbiWCLoA?feature=share,637196040,2022-07-17 07:49:18+00:00,fVBsbiWCLoA
https://www.youtube.com/watch?v=e5twgs-7qvg&feature=youtu.be,3332761755,2021-01-22 22:47:35+00:00,e5twgs-7qvg
https://www.youtube.com/watch?v=Hlrvpaw0DWE&feature=youtu.be,2394352747,2022-07-27 19:41:51+00:00,Hlrvpaw0DWE
https://www.youtube.com/watch?v=HmRKAIN2-DM,107354278,2022-10-18 16:47:23+00:00,HmRKAIN2-DM
http://www.youtube.com/watch?v=8IcIOKx0DqU&feature=youtube_gdata_player,454184067,2012-03-22 02:16:13+00:00,8IcIOKx0DqU
https://www.youtube.com/watch?v=4y0CSXZVA7Y,2415909439,2019-05-19 14:58:28+00:00,4y0CSXZVA7Y
https://www.youtube.com/watch?v=yG862nWxtxc&feature=youtu.be,327350527,2022-10-15 06:13:26+00:00,yG862nWxtxc
https://www.youtube.com/watch?v=SPYO5tAtKx8&feature=share,2479097413,2022-11-04 08:57:54+00:00,SPYO5tAtKx8
https://www.youtube.com/watch?v=epB_uqY1D-U&feature=youtu.be,20045803,2022-09-01 18:23:44+00:00,epB_uqY1D-U
https://www.youtube.com/watch?v=jLb0QeCQF_I&feature=youtu.be,232630819,2022-09-28 09:10:33+00:00,jLb0QeCQF_I
https://www.youtube.com/watch?v=VYMkVG-kQrA&feature=youtu.be,1484123464877633539,2022-10-17 02:30:44+00:00,VYMkVG-kQrA
https://www.youtube.com/watch?v=XtbXreCRTdE&feature=youtu.be,258009689,2020-02-10 19:29:37+00:00,XtbXreCRTdE
https://www.youtube.com/watch?v=3_0Ot3A8lXY&feature=youtu.be,41655670,2022-06-29 22:08:22+00:00,3_0Ot3A8lXY
https://www.youtube.com/watch?v=7OCyMsSaO9U,1197352472701853698,2019-12-14 04:53:38+00:00,7OCyMsSaO9U
https://www.youtube.com/watch?v=pQTBL-i-QRM&feature=youtu.be,1123329187,2022-03-22 21:40:09+00:00,pQTBL-i-QRM
http://www.youtube.com/watch?v=lHabDV6VebY,284158525,2011-10-31 04:33:04+00:00,lHabDV6VebY
https://www.youtube.com/watch?v=hJza1trMvm8&feature=youtu.be,892220239479316480,2022-10-19 00:43:53+00:00,hJza1trMvm8
https://www.youtube.com/watch?v=Qmg3Ol1y2wk&feature=youtu.be,1224998003452366848,2022-10-11 07:43:03+00:00,Qmg3Ol1y2wk
https://www.youtube.com/watch?v=sQd1pHpIn-w&feature=youtu.be,138584469,2022-10-17 19:40:44+00:00,sQd1pHpIn-w
https://www.youtube.com/watch?v=sDMtjLg9RF4&feature=share,694661895308120064,2017-03-10 05:33:25+00:00,sDMtjLg9RF4
https://www.youtube.com/watch?v=QoBx97JHcKE,34697363,2021-08-02 00:31:15+00:00,QoBx97JHcKE
https://www.youtube.com/watch?v=99UeLIAxJu4&feature=youtu.be,1542433152756461569,2022-07-19 02:18:05+00:00,99UeLIAxJu4
https://www.youtube.com/watch?v=F4M5Aocc7cs&feature=youtu.be,1576965846236372995,2022-10-15 23:41:25+00:00,F4M5Aocc7cs
https://youtu.be/78ejXe_CL0k,954265663115182080,2018-12-31 00:42:29+00:00,78ejXe_CL0k
https://www.youtube.com/watch?v=hSBVEDkP78U&t=3s&ab_channel=NewsfirstSriLanka,721337810616078336,2022-04-07 11:01:05+00:00,hSBVEDkP78U
http://youtu.be/SjPn5Zd_abU,2314501418,2014-08-03 10:30:44+00:00,SjPn5Zd_abU
https://www.youtube.com/watch?v=ZIQhejD7h3A&feature=youtu.be,527824572,2020-11-03 14:37:57+00:00,ZIQhejD7h3A
https://www.youtube.com/watch?v=DFInjD2YQ-o&feature=youtu.be,1191344000093036545,2022-10-15 20:46:18+00:00,DFInjD2YQ-o
https://www.youtube.com/watch?v=QjHwNJAb6Fk&feature=youtu.be,1017202431946616833,2022-05-24 13:40:44+00:00,QjHwNJAb6Fk
https://www.youtube.com/watch?v=QAsfEwaKv-4&feature=youtu.be,964797103015800832,2022-10-24 12:48:42+00:00,QAsfEwaKv-4
https://www.youtube.com/watch?v=-k6kv2jD-bc,827522681394298880,2022-07-02 18:01:14+00:00,-k6kv2jD-bc
https://www.youtube.com/watch?v=4nU5y1qH_e0&feature=youtu.be,1330858632163028992,2021-01-01 16:01:09+00:00,4nU5y1qH_e0
https://www.youtube.com/watch?v=oqVtQqCTyXc,7125512,2022-10-18 00:25:01+00:00,oqVtQqCTyXc
https://www.youtube.com/watch?v=Z50DHJsbMSM&feature=youtu.be,142239387,2021-10-12 06:55:21+00:00,Z50DHJsbMSM
https://www.youtube.com/watch?v=CmYFlOV7isI&feature=youtu.be,1261317151635443713,2022-10-15 07:47:45+00:00,CmYFlOV7isI
https://www.youtube.com/watch?v=z8gsTQ7bdgA&feature=youtu.be,415799276,2022-06-19 04:02:47+00:00,z8gsTQ7bdgA
https://www.youtube.com/watch?v=c4h3LGOT8h4&feature=youtu.be,741502332291031040,2022-07-19 12:49:15+00:00,c4h3LGOT8h4
https://www.youtube.com/watch?v=eCsTCnlrbW4,1467797138,2014-08-19 11:28:12+00:00,eCsTCnlrbW4
https://www.youtube.com/watch?v=XA8Dlg9jIsw&feature=youtu.be,1298691712055783425,2021-06-29 01:52:16+00:00,XA8Dlg9jIsw
https://www.youtube.com/watch?v=qGg_-3by7C0&feature=youtu.be,1413741980388102145,2021-09-22 16:02:26+00:00,qGg_-3by7C0
https://www.youtube.com/watch?v=0R1ZgFPqK6w&feature=youtu.be,971017152479223808,2020-05-16 16:57:56+00:00,0R1ZgFPqK6w
https://www.youtube.com/watch?v=GHeQqwkNruo&feature=youtu.be,1519081811766353921,2022-10-24 03:43:09+00:00,GHeQqwkNruo
http://youtu.be/mTCplV0VKAA?a,447056120,2011-12-28 18:16:13+00:00,mTCplV0VKAA
https://music.youtube.com/watch?v=lcOxhH8N3Bo&feature=share,1080688377152778245,2022-10-04 09:48:17+00:00,lcOxhH8N3Bo
https://www.youtube.com/watch?v=cDNDVtoJhik&feature=youtu.be,820640805585035265,2022-08-17 14:11:24+00:00,cDNDVtoJhik
https://www.youtube.com/watch?v=C7okby0i-CI&feature=youtu.be,3007065418,2022-09-03 07:17:33+00:00,C7okby0i-CI
https://www.youtube.com/watch?v=pmrvZz8r7CY&feature=youtu.be,1500816588915634179,2022-04-19 11:59:51+00:00,pmrvZz8r7CY
https://youtu.be/5anLPw0Efmo,2593289742,2017-10-12 22:31:56+00:00,5anLPw0Efmo
http://youtu.be/nCgQDjiotG0,186085873,2012-12-15 20:24:19+00:00,nCgQDjiotG0
https://www.youtube.com/watch?v=YTCJHxv4jMA&feature=youtu.be,386715239,2022-10-07 03:53:57+00:00,YTCJHxv4jMA
https://www.youtube.com/watch?v=kYYMl1BC91o&feature=youtu.be,1408457331663425545,2022-10-18 14:52:00+00:00,kYYMl1BC91o
https://www.youtube.com/watch?v=R1DHRrKQj2g&feature=youtu.be,3411531597,2022-03-12 21:45:41+00:00,R1DHRrKQj2g
https://www.youtube.com/watch?v=GMDccue7cG4&feature=youtu.be,832792845274583045,2022-07-16 06:48:18+00:00,GMDccue7cG4
https://www.youtube.com/watch?v=SEGpTu8sVKI&feature=youtu.be,52380716,2022-10-19 22:01:19+00:00,SEGpTu8sVKI
https://www.youtube.com/watch?v=uFR1X8at5M0&feature=youtu.be,255694369,2021-08-16 23:15:50+00:00,uFR1X8at5M0
https://www.youtube.com/watch?v=wl1hAr899Oc&feature=youtu.be,123414986,2022-03-04 01:42:39+00:00,wl1hAr899Oc
https://www.youtube.com/watch?v=SkOs-3QZaSA&feature=youtu.be,1465409962398650390,2022-02-04 23:12:04+00:00,SkOs-3QZaSA
https://www.youtube.com/watch?v=IfsYaldMoQY&feature=youtu.be,40026089,2022-10-18 15:35:26+00:00,IfsYaldMoQY
https://www.youtube.com/watch?v=qECf9EH6fsk&feature=youtu.be,871306544272560129,2017-11-10 10:42:49+00:00,qECf9EH6fsk
https://www.youtube.com/watch?v=eaFLgqDCxLU&feature=youtu.be,1465118646431547392,2022-10-31 21:27:01+00:00,eaFLgqDCxLU
https://www.youtube.com/watch?v=B06Gak_17t4&feature=youtu.be,2833069867,2016-01-22 16:13:36+00:00,B06Gak_17t4
https://www.youtube.com/watch?v=P1po9pNs8RU&feature=youtu.be,2320283100,2022-02-20 19:15:00+00:00,P1po9pNs8RU
https://www.youtube.com/watch?v=Et4Y9qTWz-k&feature=youtu.be,4884810050,2022-10-09 17:40:47+00:00,Et4Y9qTWz-k
https://www.youtube.com/watch?v=W0xPfS3wd3g&feature=youtu.be,1214404600310034432,2022-02-15 07:02:41+00:00,W0xPfS3wd3g
https://www.youtube.com/watch?v=5dhF5d2NGVA&feature=youtu.be,2222530781,2022-10-02 13:57:30+00:00,5dhF5d2NGVA
